Year,Country,GDP_per_capita,Gini_Index,Top_10_Income_Share,Top_10_Wealth_Share,Bottom_50_Income_Share,Bottom_50_Wealth_Share,Total_Population,Group
1980,Bangladesh,2626.4911,0.4732,0.3652,0.5731,0.1997,0.0491,88016432,3
1981,Bangladesh,2613.7059,0.4732,0.3652,0.5731,0.1997,0.0491,90303105,3
1982,Bangladesh,2619.9257,0.4732,0.3652,0.5731,0.1997,0.0491,92814507,3
1983,Bangladesh,2679.1805,0.4732,0.3652,0.5731,0.1997,0.0491,95335155,3
1984,Bangladesh,2710.5999,0.4836,0.3774,0.5762,0.1947,0.0486,97814966,3
1985,Bangladesh,2733.8507,0.4936,0.3891,0.5783,0.1898,0.0483,100253825,3
1986,Bangladesh,2772.7793,0.4994,0.3947,0.5794,0.1869,0.0481,102635572,3
1987,Bangladesh,2790.6245,0.505,0.4001,0.5805,0.1841,0.048,104959291,3
1988,Bangladesh,2788.4072,0.5105000000000001,0.4054,0.5811000000000001,0.1814,0.0479,107216008,3
1989,Bangladesh,2840.0528,0.5043,0.3986,0.5804,0.1838,0.048,109433799,3
1990,Bangladesh,2902.9621,0.4983,0.3919,0.5791000000000001,0.1862,0.0482,111633717,3
1991,Bangladesh,2935.4345,0.4925,0.3854,0.5778,0.1886,0.0484,113787109,3
1992,Bangladesh,2983.8531,0.5087,0.4032,0.5809000000000001,0.1812,0.0479,115952192,3
1993,Bangladesh,3031.3871,0.5236000000000001,0.4196,0.5835,0.1745,0.0475,118132360,3
1994,Bangladesh,3084.7405,0.5374,0.4348,0.5879,0.1683,0.0467,120343179,3
1995,Bangladesh,3142.6468,0.5501,0.4488,0.5920000000000001,0.1625,0.0461,122600370,3
1996,Bangladesh,3209.3608,0.5502,0.4477,0.5915,0.1619,0.0461,124862179,3
1997,Bangladesh,3286.4244,0.5507000000000001,0.4468,0.5914,0.1611,0.0462,127198069,3
1998,Bangladesh,3354.2914,0.5504,0.4455,0.5911000000000001,0.1608,0.0462,129622332,3
1999,Bangladesh,3433.2812,0.552,0.4455,0.5911000000000001,0.1592,0.0462,132108065,3
2000,Bangladesh,3520.3896,0.5525,0.4449,0.5910000000000001,0.1585,0.0462,134544304,3
2001,Bangladesh,3595.6726,0.5532,0.4459,0.5912000000000001,0.1582,0.0462,136805810,3
2002,Bangladesh,3685.1416,0.5567,0.4487,0.5920000000000001,0.156,0.0461,138933658,3
2003,Bangladesh,3813.5256,0.5615,0.4522,0.5934,0.153,0.0458,140970351,3
2004,Bangladesh,3963.1022,0.5622,0.4532,0.5938,0.1526,0.0458,142902856,3
2005,Bangladesh,4139.4864,0.5639000000000001,0.4548,0.5941000000000001,0.1516,0.0457,144715786,3
2006,Bangladesh,4372.3282,0.5611,0.4513,0.5931000000000001,0.1528,0.0459,146405973,3
2007,Bangladesh,4656.6131,0.5596,0.4488,0.5920000000000001,0.1533,0.0461,147989278,3
2008,Bangladesh,4913.6517,0.5494,0.4407,0.5899,0.1595,0.0464,149474264,3
2009,Bangladesh,5178.6384,0.5444,0.4362,0.5883,0.1622,0.0467,150873714,3
2010,Bangladesh,5494.568,0.5463,0.4363,0.5884,0.1606,0.0467,152201981,3
2011,Bangladesh,5847.8343,0.5418000000000001,0.4329,0.5874,0.1635,0.0468,153591076,3
2012,Bangladesh,6203.5567,0.5402,0.4316,0.5869,0.1644,0.0469,155070101,3
2013,Bangladesh,6571.7322,0.5384,0.4302,0.5863,0.1656,0.047,156532141,3
2014,Bangladesh,6985.6474,0.5354,0.428,0.5854,0.1674,0.0472,157964929,3
2015,Bangladesh,7465.6081,0.531,0.4248,0.5846,0.1702,0.0473,159383179,3
2016,Bangladesh,7899.0103,0.5298,0.4239,0.5840000000000001,0.1709,0.0474,160811932,3
2017,Bangladesh,8309.7326,0.53,0.424,0.5840000000000001,0.1708,0.0474,162186147,3
2018,Bangladesh,8799.613,0.53,0.424,0.5840000000000001,0.1708,0.0474,163523103,3
2019,Bangladesh,9147.7921,0.53,0.424,0.5841000000000001,0.1708,0.0474,164913055,3
2020,Bangladesh,9498.7684,0.53,0.424,0.5841000000000001,0.1708,0.0474,166298024,3
2021,Bangladesh,10047.1418,0.53,0.424,0.5841000000000001,0.1708,0.0474,167658854,3
2022,Bangladesh,10587.8604,0.53,0.424,0.5841000000000001,0.1708,0.0474,169384897,3
2023,Bangladesh,10968.803,0.53,0.424,0.5840000000000001,0.1708,0.0474,171466990,3
2024,Bangladesh,11197.308,0.53,0.424,0.5841000000000001,0.1708,0.0474,173562364,3
1980,Brazil,20318.224,0.6917,0.5861000000000001,0.7146,0.0912,0.021,121207461,2
1981,Brazil,18852.619,0.6917,0.5861000000000001,0.7147,0.0912,0.021,124063109,2
1982,Brazil,18431.7482,0.6917,0.5861000000000001,0.7146,0.0912,0.021,126923155,2
1983,Brazil,17355.6767,0.6917,0.5861000000000001,0.7148,0.0912,0.021,129790077,2
1984,Brazil,17752.9827,0.6917,0.5861000000000001,0.7147,0.0912,0.021,132658864,2
1985,Brazil,18594.9167,0.6917,0.5861000000000001,0.7146,0.0912,0.021,135515595,2
1986,Brazil,19431.9069,0.6917,0.5861000000000001,0.7147,0.0912,0.021,138336370,2
1987,Brazil,19578.9536,0.6917,0.5861000000000001,0.7151000000000001,0.0912,0.0209,141104944,2
1988,Brazil,19058.7425,0.6917,0.5861000000000001,0.7150000000000001,0.0912,0.0209,143826357,2
1989,Brazil,19160.9665,0.6917,0.5861000000000001,0.7149,0.0912,0.021,146502972,2
1990,Brazil,17864.5448,0.6917,0.5861000000000001,0.7151000000000001,0.0912,0.0209,149143223,2
1991,Brazil,17597.2023,0.6917,0.5861000000000001,0.7150000000000001,0.0912,0.0209,151724256,2
1992,Brazil,16996.0249,0.6917,0.5861000000000001,0.7148,0.0912,0.021,154275079,2
1993,Brazil,17375.0119,0.6917,0.5861000000000001,0.7149,0.0912,0.0209,156794577,2
1994,Brazil,17945.4012,0.6917,0.5861000000000001,0.7152000000000001,0.0912,0.0209,159265006,2
1995,Brazil,18252.5128,0.6917,0.5861000000000001,0.7147,0.0912,0.021,161735073,2
1996,Brazil,18195.4409,0.6917,0.5861000000000001,0.7151000000000001,0.0912,0.0209,164202549,2
1997,Brazil,18355.4784,0.6917,0.5861000000000001,0.7150000000000001,0.0912,0.0209,166661659,2
1998,Brazil,17911.9765,0.6917,0.5861000000000001,0.7149,0.0912,0.021,169159655,2
1999,Brazil,17515.1923,0.6917,0.5861000000000001,0.7149,0.0912,0.0209,171641543,2
2000,Brazil,17825.9018,0.6917,0.5861000000000001,0.7150000000000001,0.0912,0.0209,174018282,2
2001,Brazil,17639.9101,0.6917,0.5861000000000001,0.7148,0.0912,0.021,176301203,2
2002,Brazil,17747.2426,0.6956,0.5934,0.7176,0.0906,0.0203,178503484,2
2003,Brazil,17531.1494,0.6912,0.5898,0.7160000000000001,0.0937,0.0207,180622688,2
2004,Brazil,18120.5718,0.6863,0.5818,0.7138,0.0956,0.0212,182675143,2
2005,Brazil,18290.5516,0.7011000000000001,0.6049,0.7205,0.0907,0.0195,184688101,2
2006,Brazil,18611.0385,0.6996,0.6039,0.7198,0.0932,0.0197,186653106,2
2007,Brazil,19337.2906,0.6868000000000001,0.5878,0.7158,0.0997,0.0207,188552320,2
2008,Brazil,19927.0701,0.681,0.5844,0.7142000000000001,0.1018,0.0211,190367302,2
2009,Brazil,19537.1246,0.6767000000000001,0.5798,0.7131000000000001,0.1035,0.0214,192079951,2
2010,Brazil,20646.511,0.6816,0.5875,0.7157,0.1027,0.0207,193701929,2
2011,Brazil,21114.841,0.6864,0.5952000000000001,0.7184,0.102,0.0201,195284734,2
2012,Brazil,21177.3235,0.6791,0.5856,0.7145,0.1059,0.0211,196876111,2
2013,Brazil,21472.0484,0.6714,0.5759000000000001,0.7108,0.1082,0.022,198478299,2
2014,Brazil,21247.7982,0.6742,0.5792,0.7130000000000001,0.1072,0.0214,200085127,2
2015,Brazil,20185.5964,0.6821,0.5913,0.7167,0.1033,0.0205,201675532,2
2016,Brazil,19234.5997,0.6866,0.5835,0.7140000000000001,0.0963,0.0212,203218114,2
2017,Brazil,19206.256,0.6853,0.5785,0.7130000000000001,0.0964,0.0214,204703445,2
2018,Brazil,19277.8018,0.6824,0.5742,0.7107,0.0964,0.022,206107261,2
2019,Brazil,19252.1772,0.675,0.5645,0.7078,0.1003,0.0228,207455459,2
2020,Brazil,18391.5946,0.7033,0.5908,0.7163,0.0819,0.0206,208660842,2
2021,Brazil,19112.0242,0.7093,0.5994,0.7236,0.0823,0.0196,209550294,2
2022,Brazil,19486.2873,0.6973,0.5939,0.7189,0.0906,0.0202,210306415,2
2023,Brazil,19930.1187,0.6948000000000001,0.5912000000000001,0.7166,0.0926,0.0205,211140729,2
2024,Brazil,20414.4882,0.6948000000000001,0.5912000000000001,0.7190000000000001,0.0926,0.0203,211998573,2
1980,Canada,40350.3263,0.4204,0.3003,0.5558000000000001,0.2197,0.1548,24533776,1
1981,Canada,40775.4012,0.411,0.2891,0.5549000000000001,0.2239,0.1549,24844974,1
1982,Canada,38601.6649,0.4085,0.2848,0.5546,0.2245,0.155,25140164,1
1983,Canada,38785.1675,0.4136,0.2886,0.5548000000000001,0.2214,0.155,25412608,1
1984,Canada,40275.4454,0.4145,0.2907,0.555,0.2217,0.1549,25670375,1
1985,Canada,41412.6879,0.4172,0.2919,0.5557,0.2196,0.1546,25927465,1
1986,Canada,41562.9233,0.4279,0.2965,0.5567,0.2111,0.1542,26211031,1
1987,Canada,42511.8684,0.4295,0.299,0.5575,0.2107,0.1538,26540921,1
1988,Canada,43593.1131,0.435,0.3071,0.5643,0.2093,0.1515,26927945,1
1989,Canada,43762.5274,0.4441,0.3144,0.5640000000000001,0.2036,0.1517,27366050,1
1990,Canada,43066.6974,0.4498,0.3161,0.5639000000000001,0.1986,0.1516,27789443,1
1991,Canada,41545.4017,0.4571,0.318,0.5661,0.1919,0.1508,28157158,1
1992,Canada,41365.806,0.4593,0.3183,0.5636,0.1899,0.1515,28500059,1
1993,Canada,41932.0594,0.4696,0.3251,0.5650000000000001,0.1833,0.1511,28830637,1
1994,Canada,43274.8249,0.4714,0.3268,0.5661,0.1821,0.1507,29147381,1
1995,Canada,43887.7235,0.4791,0.3317,0.5675,0.1771,0.1502,29459131,1
1996,Canada,44033.6969,0.484,0.3383,0.5694,0.1752,0.1496,29767206,1
1997,Canada,45345.4445,0.4902,0.3464,0.5717,0.1729,0.1489,30059089,1
1998,Canada,46549.5175,0.4918,0.3486,0.5730000000000001,0.1721,0.1485,30329969,1
1999,Canada,48355.2422,0.4927,0.3537,0.5760000000000001,0.1738,0.1476,30599456,1
2000,Canada,50178.962,0.5017,0.3648,0.5826,0.1702,0.1458,30891803,1
2001,Canada,50338.1949,0.4982,0.365,0.5845,0.1737,0.1451,31213577,1
2002,Canada,51107.7219,0.5002,0.366,0.5858,0.1724,0.1447,31535577,1
2003,Canada,51314.7839,0.503,0.3695,0.5872,0.1713,0.1443,31836482,1
2004,Canada,52191.5119,0.5071,0.3756,0.5910000000000001,0.1701,0.1431,32132678,1
2005,Canada,53140.8123,0.5104000000000001,0.3807,0.5928,0.1695,0.1425,32440173,1
2006,Canada,53807.6962,0.5139,0.3838,0.5947,0.1675,0.142,32759171,1
2007,Canada,54187.665,0.5139,0.3838,0.5963,0.1675,0.1414,33092171,1
2008,Canada,53981.5501,0.5072,0.3758,0.5963,0.1703,0.1411,33449085,1
2009,Canada,51650.2976,0.497,0.3588,0.5943,0.1723,0.1413,33826370,1
2010,Canada,52489.6148,0.502,0.3652,0.5975,0.1705,0.1404,34196899,1
2011,Canada,53397.5383,0.5014000000000001,0.3647,0.599,0.1707,0.1399,34555452,1
2012,Canada,53587.6115,0.4968,0.3582,0.599,0.1721,0.1396,34922516,1
2013,Canada,54094.1378,0.4975,0.3587,0.6007,0.1716,0.1392,35293433,1
2014,Canada,54980.3962,0.4946,0.3565,0.601,0.1735,0.1392,35634264,1
2015,Canada,54745.5129,0.4935,0.3539,0.6016,0.1734,0.139,35962234,1
2016,Canada,54631.3861,0.4826,0.3413,0.599,0.178,0.1396,36353343,1
2017,Canada,55522.0248,0.4878,0.3481,0.6006,0.1762,0.1393,36808497,1
2018,Canada,56222.2944,0.4845,0.346,0.5999,0.1785,0.1394,37295005,1
2019,Canada,56422.549,0.483,0.3438,0.5995,0.1791,0.1395,37782935,1
2020,Canada,52872.4841,0.4967,0.3518,0.6022000000000001,0.1691,0.1389,38171902,1
2021,Canada,54946.7738,0.4974,0.3622,0.6065,0.1743,0.138,38454057,1
2022,Canada,56142.6779,0.5047,0.3678,0.5979,0.1692,0.1398,38821259,1
2023,Canada,56014.3445,0.5047,0.3678,0.5979,0.1692,0.1398,39299105,1
2024,Canada,56127.2282,0.5047,0.3678,0.5979,0.1692,0.1398,39742430,1
1980,China,2384.414,0.3847,0.2805,0.4081,0.2454,0.1601,983163542,2
1981,China,2467.7783,0.3894,0.2847,0.4081,0.2427,0.1601,997721071,2
1982,China,2609.3996,0.3916,0.2887,0.4081,0.2376,0.1601,1013588179,2
1983,China,2697.0444,0.3943,0.2896,0.4081,0.2402,0.1601,1029064956,2
1984,China,2898.209,0.3992,0.2945,0.4081,0.2375,0.1601,1043849638,2
1985,China,3068.0471,0.4067,0.3031,0.4081,0.2342,0.1601,1059807820,2
1986,China,3152.2944,0.4165,0.3054,0.4081,0.2213,0.1601,1077233607,2
1987,China,3299.252,0.4203,0.3037,0.4081,0.2169,0.1601,1096217446,2
1988,China,3354.5146,0.4238,0.3071,0.4081,0.215,0.1601,1115244165,2
1989,China,3285.5083,0.4327,0.3126,0.4081,0.2089,0.1601,1133991008,2
1990,China,3204.1403,0.4295,0.31,0.4083,0.2109,0.16,1153582724,2
1991,China,3322.3628,0.4447,0.3164,0.4085,0.1992,0.16,1170788528,2
1992,China,3542.8184,0.4594,0.3284,0.4084,0.1906,0.16,1184574237,2
1993,China,3822.0494,0.4742,0.3403,0.4082,0.1817,0.16,1197308575,2
1994,China,4058.5521,0.4802,0.3446,0.4087,0.178,0.1599,1209003096,2
1995,China,4518.8695,0.4742,0.3403,0.4091,0.1817,0.1598,1220133927,2
1996,China,4602.7329,0.4684,0.3405,0.43,0.1873,0.1537,1230944812,2
1997,China,4852.557,0.4681,0.3406,0.4464,0.1876,0.149,1241139622,2
1998,China,4805.0299,0.469,0.3439,0.4591,0.1882,0.1453,1250847127,2
1999,China,5020.8787,0.4782,0.3493,0.4692,0.1818,0.1424,1260176655,2
2000,China,5263.0824,0.4950000000000001,0.36,0.4775,0.1707,0.14,1269581175,2
2001,China,5541.104,0.5044000000000001,0.3675,0.4844,0.1652,0.138,1278725063,2
2002,China,6034.6674,0.5315,0.398,0.4901,0.153,0.1363,1286866839,2
2003,China,6469.6857,0.5398000000000001,0.4063,0.4903,0.1489,0.1363,1294517326,2
2004,China,7066.5378,0.5431,0.4134,0.5061,0.1489,0.1321,1302100316,2
2005,China,7556.5116,0.5551,0.4228,0.5229,0.1417,0.1276,1310027136,2
2006,China,8335.9666,0.5563,0.4248,0.5393,0.1416,0.1232,1318054036,2
2007,China,9198.2292,0.5597,0.4281,0.5582,0.1401,0.1182,1325813582,2
2008,China,9545.8139,0.56,0.4281,0.5691,0.1397,0.1152,1333821016,2
2009,China,10146.505,0.5606,0.4274,0.5820000000000001,0.139,0.1118,1342522716,2
2010,China,10896.8027,0.5647,0.4295,0.6276,0.136,0.0701,1351561514,2
2011,China,11589.6494,0.5630000000000001,0.4323,0.6679,0.1385,0.0656,1360250664,2
2012,China,12249.4038,0.5517000000000001,0.4181,0.6655,0.1429,0.0661,1369520864,2
2013,China,13038.0533,0.56,0.4247,0.6657000000000001,0.1379,0.0661,1379008040,2
2014,China,13847.7789,0.5528000000000001,0.4168,0.6674,0.1414,0.0657,1387951972,2
2015,China,14702.4211,0.5536,0.4178,0.6741,0.1412,0.0644,1396134174,2
2016,China,15591.9407,0.5537000000000001,0.418,0.6741,0.1411,0.0644,1404052632,2
2017,China,16561.4847,0.5614,0.4283,0.6782,0.1386,0.0636,1412354727,2
2018,China,17570.4554,0.5592,0.4253,0.6772,0.1393,0.0638,1419008956,2
2019,China,18512.7615,0.5579000000000001,0.4236,0.6765,0.1398,0.064,1423520357,2
2020,China,18822.7238,0.5641,0.432,0.6795,0.1377,0.0634,1426106093,2
2021,China,20306.9265,0.5652,0.4335,0.6817000000000001,0.1374,0.063,1426437267,2
2022,China,20823.0249,0.5683,0.4346,0.6805,0.1351,0.0632,1425179569,2
2023,China,21834.6253,0.5683,0.4346,0.6805,0.1351,0.0632,1422584933,2
2024,China,22846.3025,0.5683,0.4346,0.6805,0.1351,0.0632,1419321278,2
1980,Ethiopia,1616.1958,0.6651,0.5832,0.7114,0.1136,0.0218,34428514,3
1981,Ethiopia,1601.4829,0.6651,0.5832,0.7115,0.1136,0.0218,35304012,3
1982,Ethiopia,1572.7672,0.6651,0.5832,0.7112,0.1136,0.0219,36701290,3
1983,Ethiopia,1695.786,0.6651,0.5832,0.7118,0.1136,0.0217,37740817,3
1984,Ethiopia,1992.3933,0.6651,0.5832,0.7114,0.1136,0.0218,38735722,3
1985,Ethiopia,1618.7843,0.6651,0.5832,0.7117,0.1136,0.0218,39842136,3
1986,Ethiopia,1750.1806,0.6651,0.5832,0.7116,0.1136,0.0218,41037656,3
1987,Ethiopia,1835.4641,0.6651,0.5832,0.7113,0.1136,0.0219,42460039,3
1988,Ethiopia,1708.3661,0.6651,0.5832,0.7115,0.1136,0.0218,44150825,3
1989,Ethiopia,1645.8608,0.6651,0.5832,0.7113,0.1136,0.0218,45879690,3
1990,Ethiopia,1713.6464,0.6651,0.5832,0.7116,0.1136,0.0218,47609755,3
1991,Ethiopia,1516.2271,0.6651,0.5832,0.7113,0.1136,0.0218,49717198,3
1992,Ethiopia,1457.0683,0.6651,0.5832,0.7112,0.1136,0.0219,51853747,3
1993,Ethiopia,1563.672,0.6651,0.5832,0.7117,0.1136,0.0217,53708891,3
1994,Ethiopia,1591.4409,0.6651,0.5832,0.7114,0.1136,0.0218,55611508,3
1995,Ethiopia,1692.8827,0.6651,0.5832,0.7115,0.1136,0.0218,57537335,3
1996,Ethiopia,1776.6377,0.6296,0.5438000000000001,0.6577000000000001,0.1293,0.0339,59467635,3
1997,Ethiopia,1715.9454,0.5939,0.5042,0.6285000000000001,0.1451,0.0396,61404539,3
1998,Ethiopia,1674.4783,0.5581,0.4644,0.5995,0.161,0.0448,63363524,3
1999,Ethiopia,1720.5509,0.5221,0.4245,0.5849,0.1769,0.0472,65374561,3
2000,Ethiopia,1789.5099,0.5231,0.4257,0.5852,0.1766,0.0472,67411494,3
2001,Ethiopia,1826.6484,0.524,0.4269,0.5855,0.1762,0.0471,69487762,3
2002,Ethiopia,1770.6372,0.5249,0.4281,0.5858,0.1759,0.0471,71635517,3
2003,Ethiopia,1820.4566,0.5258,0.4293,0.5864,0.1755,0.047,73832663,3
2004,Ethiopia,1997.5704,0.5268,0.4305,0.5869,0.1752,0.0469,76077206,3
2005,Ethiopia,2160.7494,0.5298,0.4332,0.5878,0.1735,0.0468,78367470,3
2006,Ethiopia,2333.366,0.5329,0.4359,0.5887,0.1717,0.0466,80703490,3
2007,Ethiopia,2515.7854,0.5359,0.4386,0.5895,0.17,0.0465,83103217,3
2008,Ethiopia,2663.8284,0.539,0.4413,0.5907,0.1683,0.0463,85543668,3
2009,Ethiopia,2836.9587,0.542,0.444,0.5912000000000001,0.1666,0.0462,88007636,3
2010,Ethiopia,3103.1331,0.545,0.4466,0.5920000000000001,0.1649,0.0461,90538514,3
2011,Ethiopia,3310.6547,0.5469,0.4482,0.5924,0.1636,0.046,93149970,3
2012,Ethiopia,3473.5517,0.5488000000000001,0.4499,0.5933,0.1623,0.0458,95798767,3
2013,Ethiopia,3692.5002,0.5506,0.4515,0.5939,0.161,0.0457,98438751,3
2014,Ethiopia,3916.7492,0.5525,0.4531,0.5946,0.1597,0.0456,101115610,3
2015,Ethiopia,4101.2057,0.5543,0.4547,0.5958,0.1583,0.0454,103867135,3
2016,Ethiopia,4279.7296,0.5479,0.4464,0.5921000000000001,0.1609,0.046,106718162,3
2017,Ethiopia,4454.1063,0.5415,0.4381,0.5901000000000001,0.1634,0.0464,109666481,3
2018,Ethiopia,4617.7285,0.5351,0.4298,0.5874,0.1659,0.0468,112664152,3
2019,Ethiopia,4771.3465,0.5286000000000001,0.4214,0.5846,0.1684,0.0473,115737383,3
2020,Ethiopia,4870.3684,0.5222,0.4131,0.5827,0.1709,0.0476,118917671,3
2021,Ethiopia,4962.1836,0.5157,0.4047,0.5814,0.1734,0.0478,122138588,3
2022,Ethiopia,5045.2034,0.5157,0.4047,0.5814,0.1734,0.0478,125384287,3
2023,Ethiopia,5187.8654,0.5157,0.4047,0.5814,0.1734,0.0478,128691692,3
2024,Ethiopia,5415.9217,0.5157,0.4047,0.5814,0.1734,0.0478,132059767,3
1980,France,36260.7882,0.4075,0.2876,0.5156000000000001,0.2266,0.0845,55274184,1
1981,France,36292.5452,0.4054,0.2854,0.5086,0.2276,0.0856,55603352,1
1982,France,36839.833,0.4031,0.2826,0.5019,0.2285,0.0883,55951076,1
1983,France,36937.8739,0.4042,0.2833,0.4998,0.2277,0.0899,56284240,1
1984,France,37121.6883,0.4069,0.285,0.4997,0.2259,0.0905,56600528,1
1985,France,37350.2195,0.4087,0.2891,0.5011,0.2261,0.0926,56921296,1
1986,France,37857.9349,0.415,0.2978,0.5053,0.2239,0.0935,57237984,1
1987,France,38457.3595,0.4186,0.3032,0.5049,0.223,0.0954,57565184,1
1988,France,39891.0716,0.4213,0.3078,0.5059,0.2225,0.0966,57910872,1
1989,France,41207.7481,0.4301,0.315,0.5084000000000001,0.2176,0.0921,58266768,1
1990,France,41982.38,0.4332,0.3156,0.5042,0.2153,0.0893,58604904,1
1991,France,41994.9443,0.4274,0.3107,0.5081,0.2194,0.0874,58919184,1
1992,France,42229.5104,0.4282,0.3077,0.5118,0.2168,0.078,59235824,1
1993,France,41563.9996,0.4282,0.3065,0.5138,0.215,0.0787,59515844,1
1994,France,42207.7455,0.4338,0.312,0.5137,0.2128,0.0777,59747876,1
1995,France,42822.8013,0.4337,0.3132,0.5378000000000001,0.2131,0.0668,59973548,1
1996,France,43201.0156,0.441,0.3222,0.5688,0.2105,0.0626,60195176,1
1997,France,43979.4069,0.4462,0.3262,0.5823,0.2073,0.0608,60416200,1
1998,France,45281.2436,0.4515,0.3329,0.5953,0.2054,0.0586,60657508,1
1999,France,46479.994,0.4506,0.3325,0.6035,0.2061,0.0579,60987092,1
2000,France,47884.7193,0.4529,0.3359,0.605,0.2054,0.0566,61404920,1
2001,France,48399.2609,0.4526,0.3378,0.5963,0.2067,0.0581,61843576,1
2002,France,48526.5854,0.4546,0.3361,0.5812,0.2037,0.0602,62281564,1
2003,France,48547.2621,0.4571,0.3375,0.5731,0.2019,0.0601,62710292,1
2004,France,49540.9279,0.4624,0.3431,0.5668000000000001,0.1994,0.0604,63156880,1
2005,France,49954.8563,0.4615,0.3426,0.5586,0.2,0.0606,63617228,1
2006,France,50767.8736,0.4582,0.3403,0.5614,0.2021,0.0581,64060148,1
2007,France,51606.8109,0.466,0.3492,0.5674,0.1985,0.0557,64470140,1
2008,France,51377.2903,0.4681,0.352,0.5625,0.1979,0.0563,64842856,1
2009,France,49588.5138,0.4531,0.333,0.5665,0.2032,0.0535,65186040,1
2010,France,50264.4123,0.4567,0.3381,0.5834,0.2023,0.0474,65510016,1
2011,France,51051.6085,0.4552,0.3392,0.5768,0.2043,0.0504,65836676,1
2012,France,50899.9469,0.4464,0.3292,0.5723,0.2082,0.0533,66169168,1
2013,France,50908.356,0.4425,0.3233,0.5788,0.2092,0.0509,66513020,1
2014,France,51137.1841,0.4415,0.3249,0.5870000000000001,0.2112,0.0499,66841144,1
2015,France,51486.3126,0.4511,0.3334,0.5894,0.2055,0.0495,67080972,1
2016,France,51846.9171,0.4503,0.3338,0.5871000000000001,0.2065,0.0498,67260376,1
2017,France,52773.6064,0.4524,0.3364,0.5883,0.2059,0.0496,67469032,1
2018,France,53410.0314,0.4583,0.3433,0.5919,0.2034,0.0492,67706408,1
2019,France,54061.0981,0.4557,0.3406,0.5913,0.2048,0.0493,67917136,1
2020,France,49722.8625,0.4541,0.3384,0.5894,0.2055,0.0495,68104160,1
2021,France,52655.7793,0.4625,0.349,0.597,0.2026,0.0485,68291488,1
2022,France,53665.7687,0.4592,0.344,0.5961000000000001,0.2034,0.0487,68486680,1
2023,France,53876.1956,0.4576,0.3403,0.597,0.203,0.0486,68655640,1
2024,France,54181.6954,0.4576,0.3403,0.5988,0.203,0.0484,68780448,1
1980,Germany,36016.0297,0.4034,0.286,0.6226,0.2325,0.0475,78315375,1
1981,Germany,35915.1796,0.3997,0.2814,0.5745,0.2338,0.0592,78448040,1
1982,Germany,35534.928,0.3963,0.2804,0.5351,0.236,0.0698,78393674,1
1983,Germany,35864.1378,0.4003,0.2847,0.5045000000000001,0.2342,0.0789,78224133,1
1984,Germany,36638.0181,0.397,0.2849,0.5008,0.237,0.0794,77998198,1
1985,Germany,37218.7366,0.3995,0.2871,0.4973,0.2359,0.0799,77863424,1
1986,Germany,37740.1595,0.4049,0.2937,0.4943,0.2334,0.0803,77923807,1
1987,Germany,37919.7543,0.4116,0.3015,0.4971,0.2304,0.0785,78062324,1
1988,Germany,38925.7892,0.4253,0.3159,0.5019,0.2239,0.0765,78385992,1
1989,Germany,39960.286,0.4355,0.3246,0.5067,0.2177,0.0744,79007065,1
1990,Germany,41591.2504,0.4371,0.3255,0.5088,0.2162,0.0707,79707959,1
1991,Germany,43319.7443,0.4265,0.3149,0.5165000000000001,0.221,0.0661,80303196,1
1992,Germany,43751.512,0.4205,0.3096,0.5282,0.224,0.061,80934898,1
1993,Germany,43027.8196,0.4149,0.3043,0.5408000000000001,0.2273,0.0557,81486773,1
1994,Germany,43916.5913,0.4113,0.2997,0.5443,0.229,0.0537,81773617,1
1995,Germany,44472.8325,0.4084,0.2979,0.5507000000000001,0.2309,0.0513,82019890,1
1996,Germany,44712.0077,0.4191,0.3064,0.5591,0.2248,0.0486,82263189,1
1997,Germany,45476.5905,0.4286,0.3154,0.5651,0.2201,0.0462,82389638,1
1998,Germany,46549.2263,0.4375,0.3217,0.5726,0.2151,0.0436,82011939,1
1999,Germany,47517.3119,0.4363,0.3213,0.5776,0.2155,0.0414,81678287,1
2000,Germany,48760.7194,0.4361,0.3229,0.5744,0.2162,0.04,81797258,1
2001,Germany,49387.0719,0.4374,0.3239,0.5712,0.2153,0.0386,81933885,1
2002,Germany,49088.9805,0.4437,0.3241,0.5711,0.2096,0.0368,82068326,1
2003,Germany,48602.471,0.434,0.3165,0.5711,0.2149,0.0352,82111615,1
2004,Germany,49062.9853,0.4449,0.3289,0.5799000000000001,0.2105,0.033,82092708,1
2005,Germany,49325.1198,0.4674,0.3481,0.5871000000000001,0.198,0.0309,82046731,1
2006,Germany,51234.347,0.4704,0.3531,0.5912000000000001,0.1972,0.0291,81701971,1
2007,Germany,52793.1129,0.4842,0.3691,0.6013000000000001,0.191,0.0265,81298542,1
2008,Germany,53227.0627,0.4838,0.3676,0.6053000000000001,0.1909,0.0249,81110777,1
2009,Germany,50166.9292,0.4849,0.3725,0.5965,0.1911,0.0271,80935283,1
2010,Germany,52187.0632,0.4802,0.3669,0.5912000000000001,0.1931,0.0293,80830924,1
2011,Germany,54043.3513,0.4828,0.3679,0.5878,0.1908,0.0312,80857874,1
2012,Germany,54075.3235,0.4822,0.3632,0.5825,0.1897,0.0333,80916390,1
2013,Germany,54111.0907,0.496,0.3776,0.5833,0.1827,0.0347,81041582,1
2014,Germany,55042.3655,0.4993,0.3826,0.5866,0.1814,0.0343,81376080,1
2015,Germany,55440.7379,0.4977,0.3817,0.5867,0.1824,0.0343,82077550,1
2016,Germany,56309.2067,0.4957,0.3811,0.5868,0.1843,0.0342,82760102,1
2017,Germany,57614.092,0.4926,0.3781,0.5858,0.1858,0.0343,83104007,1
2018,Germany,57986.2794,0.4878,0.3737,0.5885,0.1885,0.0341,83368505,1
2019,Germany,58477.5325,0.4886,0.3745,0.5857,0.188,0.0343,83559186,1
2020,Germany,56196.4974,0.4886,0.3745,0.5832,0.188,0.0345,83628708,1
2021,Germany,57929.9247,0.4883,0.3742,0.5856,0.1882,0.0343,83697083,1
2022,Germany,58706.9358,0.49,0.3764,0.5852,0.1878,0.0343,84086227,1
2023,Germany,58230.1982,0.4901,0.3765,0.5844,0.1877,0.0344,84548231,1
2024,Germany,58103.0682,0.4901,0.3765,0.5852,0.1877,0.0343,84552242,1
1980,India,2424.3092,0.4405,0.3236,0.4507,0.2121,0.109,687354025,2
1981,India,2505.5081,0.4348,0.3155,0.45,0.2139,0.1091,703696250,2
1982,India,2537.8908,0.4302,0.3087,0.4543,0.2154,0.1072,720313473,2
1983,India,2629.8796,0.4722,0.3615,0.4662,0.1983,0.1043,737372681,2
1984,India,2678.6828,0.4576,0.3424,0.4679,0.204,0.1026,754875449,2
1985,India,2738.2434,0.4695,0.3568,0.4749,0.1992,0.1003,772647793,2
1986,India,2799.3645,0.4722,0.3597,0.4808,0.198,0.0981,790689978,2
1987,India,2842.8719,0.4678,0.3537,0.4847,0.1996,0.0962,808931270,2
1988,India,3001.9408,0.4754,0.363,0.493,0.1965,0.0937,827342990,2
1989,India,3123.6075,0.4755,0.3634,0.4979,0.1965,0.0916,846039529,2
1990,India,3216.0254,0.4607,0.344,0.4994,0.2027,0.09,864972221,2
1991,India,3198.8961,0.4648,0.3502,0.5056,0.2011,0.0878,883927600,2
1992,India,3256.3794,0.4717,0.3599,0.5082,0.1982,0.0868,902957070,2
1993,India,3329.4672,0.4853,0.3767,0.513,0.1933,0.0854,922118387,2
1994,India,3447.6391,0.4964,0.3922,0.5167,0.1887,0.0841,941163767,2
1995,India,3608.6943,0.4967,0.3928,0.5179,0.189,0.0832,960301044,2
1996,India,3782.7565,0.4938,0.3894,0.5191,0.1905,0.0823,979678458,2
1997,India,3865.4768,0.4999,0.3975,0.5229,0.1883,0.081,999133762,2
1998,India,3984.1559,0.5038,0.4025,0.5274,0.187,0.0795,1018665080,2
1999,India,4202.4017,0.5056,0.4052,0.533,0.1864,0.0778,1038225823,2
2000,India,4301.7182,0.5085000000000001,0.409,0.541,0.1854,0.0758,1057922733,2
2001,India,4385.7389,0.5178,0.4199,0.5534,0.1814,0.073,1077898575,2
2002,India,4450.2832,0.5272,0.431,0.5715,0.1773,0.0693,1097600380,2
2003,India,4641.5592,0.5368,0.4423,0.5694,0.1732,0.0696,1116803006,2
2004,India,4886.2222,0.5464,0.4538,0.5789000000000001,0.169,0.0681,1135991513,2
2005,India,5144.822,0.5562,0.4655,0.5820000000000001,0.1648,0.0676,1154676322,2
2006,India,5425.5283,0.5660000000000001,0.4782,0.5968,0.1607,0.0652,1172878890,2
2007,India,5705.5616,0.5760000000000001,0.4913,0.6206,0.1564,0.0614,1190676021,2
2008,India,5804.0035,0.5861000000000001,0.5046,0.6313000000000001,0.1521,0.0633,1207930964,2
2009,India,6052.2524,0.5965,0.5183,0.6171,0.1477,0.0658,1225524753,2
2010,India,6408.8357,0.607,0.5321,0.6336,0.1433,0.063,1243481564,2
2011,India,6634.1914,0.6203000000000001,0.5517000000000001,0.6418,0.1373,0.0615,1261224954,2
2012,India,6835.9484,0.6264000000000001,0.5603,0.6283000000000001,0.1346,0.0639,1278674502,2
2013,India,7097.1588,0.6279,0.5627,0.6299,0.1339,0.0636,1295829511,2
2014,India,7439.659,0.6336,0.5713,0.6262,0.1313,0.0642,1312277191,2
2015,India,7854.779,0.6382,0.5777,0.6415000000000001,0.1297,0.0616,1328024498,2
2016,India,8323.3932,0.6487,0.5923,0.6378,0.1256,0.0622,1343944296,2
2017,India,8734.9404,0.6528,0.5987,0.6435000000000001,0.1239,0.0613,1359657400,2
2018,India,9121.3252,0.6445000000000001,0.5893,0.634,0.1281,0.0671,1374659064,2
2019,India,9346.1542,0.6399,0.5870000000000001,0.6292,0.1307,0.068,1389030312,2
2020,India,8847.1761,0.6302,0.5802,0.6215,0.1372,0.0694,1402617695,2
2021,India,9163.6558,0.632,0.5819,0.6437,0.1364,0.0654,1414203896,2
2022,India,9700.6179,0.6392,0.5889,0.6501,0.1325,0.0642,1425423212,2
2023,India,10273.9322,0.6392,0.5889,0.6502,0.1325,0.0642,1438069596,2
2024,India,10747.5269,0.6392,0.5889,0.6501,0.1325,0.0642,1450935791,2
1980,Italy,37251.8469,0.3474,0.2396,0.4457,0.2634,0.1024,56412084,1
1981,Italy,37155.4994,0.3409,0.2327,0.4456,0.2666,0.1024,56646750,1
1982,Italy,36979.6763,0.3443,0.2347,0.4456,0.2642,0.1024,56719175,1
1983,Italy,37078.0218,0.3424,0.2335,0.4456,0.2652,0.1024,56766111,1
1984,Italy,37901.8594,0.3484,0.2376,0.4457,0.2614,0.1024,56810353,1
1985,Italy,38557.7549,0.3541,0.2426,0.4461,0.2581,0.1023,56855501,1
1986,Italy,39265.8202,0.3703,0.253,0.4464,0.2465,0.1023,56875988,1
1987,Italy,40133.3916,0.374,0.2582,0.4465,0.245,0.1023,56891926,1
1988,Italy,41421.8728,0.3816,0.2674,0.4466,0.2419,0.1022,56928751,1
1989,Italy,42428.6375,0.3849,0.2705,0.4467,0.2405,0.1022,56976755,1
1990,Italy,42870.0821,0.3911,0.2714,0.4467,0.2349,0.1022,57031454,1
1991,Italy,43006.5004,0.3882,0.2708,0.4467,0.2376,0.1022,57075393,1
1992,Italy,42892.393,0.3923,0.2731,0.4467,0.2342,0.1022,57124990,1
1993,Italy,42222.6225,0.3992,0.2782,0.4469,0.2293,0.1022,57170764,1
1994,Italy,42608.3455,0.3989,0.2798,0.4472,0.2305,0.1022,57420138,1
1995,Italy,43581.8104,0.4076,0.2885,0.4472,0.2259,0.1022,57403344,1
1996,Italy,44140.1374,0.4142,0.2923,0.4547,0.2217,0.0995,57162092,1
1997,Italy,44743.3082,0.416,0.2952,0.4626,0.2217,0.0967,57189274,1
1998,Italy,45393.4318,0.4253,0.3014,0.4711,0.2154,0.0938,57215194,1
1999,Italy,46004.1505,0.4236,0.3011,0.4703,0.2164,0.0902,57240798,1
2000,Italy,47622.633,0.4317,0.3092,0.4725,0.2123,0.0861,57272196,1
2001,Italy,48416.8338,0.4346,0.313,0.5279,0.2116,0.0747,57305760,1
2002,Italy,48342.1312,0.4253,0.3086,0.5840000000000001,0.2181,0.0628,57420628,1
2003,Italy,48059.5267,0.428,0.3086,0.5891000000000001,0.2162,0.0668,57739699,1
2004,Italy,48318.1553,0.4193,0.3075,0.5977,0.2234,0.0702,58176738,1
2005,Italy,48416.1678,0.4275,0.3066,0.5749000000000001,0.2159,0.0642,58519693,1
2006,Italy,49101.1451,0.4273,0.3086,0.5546,0.2168,0.0575,58754433,1
2007,Italy,49552.8018,0.4288,0.3104,0.5498000000000001,0.2164,0.0514,59108720,1
2008,Italy,48701.1033,0.4269,0.3072,0.5461,0.2168,0.0451,59561684,1
2009,Italy,45842.5354,0.4239,0.3042,0.5564,0.2182,0.0378,59904010,1
2010,Italy,46386.2105,0.4297,0.3089,0.5740000000000001,0.2149,0.0295,60164213,1
2011,Italy,46495.2119,0.4311,0.3129,0.5807,0.2153,0.0233,60367880,1
2012,Italy,44924.3482,0.4334,0.3116,0.5948,0.2124,0.0164,60531515,1
2013,Italy,43947.2204,0.4304,0.3084,0.5842,0.2136,0.0209,60653868,1
2014,Italy,43880.1768,0.4324,0.3087,0.5854,0.212,0.0247,60664171,1
2015,Italy,44230.8239,0.434,0.3075,0.5658000000000001,0.2096,0.0256,60575316,1
2016,Italy,44811.0178,0.4436,0.3215,0.5608000000000001,0.2068,0.0254,60478107,1
2017,Italy,45553.2709,0.4488,0.3289,0.5624,0.2051,0.0252,60390318,1
2018,Italy,45970.7397,0.4497,0.3286,0.5624,0.2043,0.0252,60277499,1
2019,Italy,46196.6235,0.4481,0.3268,0.562,0.205,0.0252,60130136,1
2020,Italy,42101.3002,0.4481,0.3268,0.562,0.205,0.0252,59912769,1
2021,Italy,45628.5285,0.4371,0.323,0.5611,0.2145,0.0254,59729350,1
2022,Italy,47306.2846,0.4356,0.3232,0.5612,0.2168,0.0254,59619115,1
2023,Italy,47610.423,0.4364,0.3231,0.5611,0.2155,0.0254,59499453,1
2024,Italy,47952.0792,0.4364,0.3231,0.5612,0.2155,0.0254,59342867,1
1980,Japan,26218.9811,0.454,0.3536,0.5716,0.2059,0.0494,118358756,1
1981,Japan,27091.1735,0.4486,0.3495,0.5700000000000001,0.2091,0.0496,118994053,1
1982,Japan,27774.7387,0.4467,0.3486,0.5698,0.2105,0.0497,119485775,1
1983,Japan,28536.5085,0.4501,0.3507,0.5704,0.2082,0.0496,119948947,1
1984,Japan,29589.4888,0.454,0.3541,0.5717,0.206,0.0494,120384394,1
1985,Japan,30860.79,0.4621,0.3603,0.5743,0.2009,0.0489,120832163,1
1986,Japan,31620.0435,0.4692,0.3681,0.5760000000000001,0.1977,0.0487,121366735,1
1987,Japan,32795.8435,0.4844,0.3864,0.5795,0.1912,0.0481,121943587,1
1988,Japan,34600.1195,0.4907,0.3926,0.5870000000000001,0.1879,0.0472,122476952,1
1989,Japan,35846.0027,0.4965,0.4013,0.5872,0.1863,0.0471,122947413,1
1990,Japan,37114.2966,0.4987,0.4069,0.5892000000000001,0.1868,0.0469,123399765,1
1991,Japan,37841.0994,0.4873,0.3954,0.5859,0.1925,0.0473,123889871,1
1992,Japan,37607.6427,0.453,0.3548,0.5751000000000001,0.2069,0.049,124383708,1
1993,Japan,36873.4727,0.4585,0.3599,0.5757,0.2039,0.0488,124839958,1
1994,Japan,36723.9136,0.4622,0.3635,0.5766,0.2018,0.0486,125286860,1
1995,Japan,37238.8995,0.4729,0.3734,0.5774,0.1959,0.0485,125672665,1
1996,Japan,38022.8801,0.4838,0.3826,0.5800000000000001,0.1897,0.0481,125975302,1
1997,Japan,38056.0799,0.4824,0.3802,0.5783,0.1898,0.0483,126265929,1
1998,Japan,37272.2375,0.4851,0.384,0.5791000000000001,0.1888,0.0482,126549181,1
1999,Japan,36886.3744,0.4911,0.391,0.5812,0.186,0.0479,126801564,1
2000,Japan,37674.5186,0.5025000000000001,0.4022,0.5835,0.18,0.0476,127027789,1
2001,Japan,37610.4172,0.5133,0.4148,0.5845,0.1751,0.0473,127260148,1
2002,Japan,37432.0365,0.5229,0.4248,0.5874,0.1703,0.0468,127484598,1
2003,Japan,37823.3249,0.5297000000000001,0.4322,0.5895,0.1671,0.0465,127671251,1
2004,Japan,38477.6009,0.5386000000000001,0.442,0.5922000000000001,0.163,0.046,127815774,1
2005,Japan,39019.6339,0.5395,0.444,0.5931000000000001,0.1631,0.0459,127913330,1
2006,Japan,39424.1332,0.5402,0.4462,0.5939,0.1633,0.0457,127997247,1
2007,Japan,39892.5703,0.5418000000000001,0.4479,0.5945,0.1626,0.0456,128087682,1
2008,Japan,39309.5157,0.5329,0.4394,0.5915,0.1671,0.0462,128155990,1
2009,Japan,37005.1191,0.513,0.4281,0.5883,0.1806,0.0467,128192470,1
2010,Japan,38479.2481,0.5136000000000001,0.4344,0.5904,0.1826,0.0463,128185275,1
2011,Japan,38477.91,0.5113,0.4331,0.5899,0.1842,0.0464,128096432,1
2012,Japan,39021.0848,0.5124000000000001,0.4338,0.5902000000000001,0.1835,0.0464,127928285,1
2013,Japan,39829.9779,0.5148,0.4352,0.5906,0.1819,0.0463,127723645,1
2014,Japan,39973.5007,0.5144000000000001,0.435,0.5905,0.1821,0.0463,127486605,1
2015,Japan,40610.064,0.5157,0.4358,0.5908,0.1813,0.0463,127275872,1
2016,Japan,40903.5167,0.5149,0.4353,0.5906,0.1818,0.0463,127159951,1
2017,Japan,41563.3635,0.5144000000000001,0.435,0.5904,0.1821,0.0463,127064690,1
2018,Japan,41813.4892,0.5144000000000001,0.435,0.5905,0.1821,0.0463,126913432,1
2019,Japan,41637.2031,0.5144000000000001,0.435,0.5905,0.1821,0.0463,126699424,1
2020,Japan,39885.454,0.5144000000000001,0.435,0.5905,0.1821,0.0463,126304543,1
2021,Japan,40829.5244,0.5144000000000001,0.435,0.5909,0.1821,0.0463,125679338,1
2022,Japan,41371.6556,0.5144000000000001,0.435,0.5904,0.1821,0.0463,124997578,1
2023,Japan,42165.9307,0.5144000000000001,0.435,0.5905,0.1821,0.0463,124370947,1
2024,Japan,42308.7625,0.5144000000000001,0.435,0.5912000000000001,0.1821,0.0462,123753041,1
1980,Kenya,7846.9147,0.7437,0.6626000000000001,0.7272000000000001,0.073,0.0178,16018459,3
1981,Kenya,7830.5079,0.7437,0.6626000000000001,0.7271000000000001,0.073,0.0178,16601507,3
1982,Kenya,7802.6448,0.7437,0.6626000000000001,0.7272000000000001,0.073,0.0178,17206175,3
1983,Kenya,7582.2529,0.7437,0.6626000000000001,0.7274,0.073,0.0177,17846374,3
1984,Kenya,7389.513,0.7437,0.6626000000000001,0.7271000000000001,0.073,0.0178,18514906,3
1985,Kenya,7381.3787,0.7437,0.6626000000000001,0.7273000000000001,0.073,0.0178,19201768,3
1986,Kenya,7584.5643,0.7437,0.6626000000000001,0.7271000000000001,0.073,0.0178,19901646,3
1987,Kenya,7709.0349,0.7437,0.6626000000000001,0.7273000000000001,0.073,0.0178,20616096,3
1988,Kenya,7850.8049,0.7437,0.6626000000000001,0.7272000000000001,0.073,0.0178,21356219,3
1989,Kenya,7876.8922,0.7437,0.6626000000000001,0.7271000000000001,0.073,0.0178,22118434,3
1990,Kenya,7867.0642,0.7437,0.6626000000000001,0.7273000000000001,0.073,0.0177,22892651,3
1991,Kenya,7664.6687,0.7437,0.6626000000000001,0.7273000000000001,0.073,0.0178,23646514,3
1992,Kenya,7320.1384,0.7437,0.6626000000000001,0.7272000000000001,0.073,0.0178,24382460,3
1993,Kenya,7078.7029,0.681,0.5872,0.7140000000000001,0.0982,0.0212,25117188,3
1994,Kenya,7004.738,0.6182000000000001,0.5116,0.6369,0.1235,0.038,25857130,3
1995,Kenya,7059.2224,0.6267,0.5229,0.6449,0.1199,0.0365,26601751,3
1996,Kenya,7108.109,0.6352,0.5342,0.652,0.1163,0.0351,27344211,3
1997,Kenya,6893.807,0.6436000000000001,0.5456,0.6615,0.1126,0.0331,28101768,3
1998,Kenya,6890.1916,0.6446000000000001,0.5462,0.6629,0.1122,0.0328,28888057,3
1999,Kenya,6788.1199,0.6456000000000001,0.5469,0.664,0.1117,0.0326,29733408,3
2000,Kenya,6567.2669,0.6465000000000001,0.5476,0.6647000000000001,0.1112,0.0324,30642890,3
2001,Kenya,6591.0241,0.6475000000000001,0.5483,0.6654,0.1107,0.0323,31619170,3
2002,Kenya,6368.1282,0.6485000000000001,0.549,0.6656000000000001,0.1102,0.0323,32629808,3
2003,Kenya,6302.7137,0.6494,0.5497000000000001,0.669,0.1097,0.0315,33652223,3
2004,Kenya,6368.1701,0.6504,0.5504,0.6706000000000001,0.1093,0.0312,34713455,3
2005,Kenya,6487.5816,0.6514,0.5511,0.6714,0.1088,0.031,35796484,3
2006,Kenya,6638.6719,0.6461,0.5447000000000001,0.6615,0.1109,0.0331,36904008,3
2007,Kenya,6831.6354,0.6409,0.5383,0.656,0.113,0.0342,38036349,3
2008,Kenya,6596.3331,0.6357,0.532,0.6505000000000001,0.1152,0.0354,39206351,3
2009,Kenya,6852.2645,0.6305000000000001,0.5256000000000001,0.6459,0.1173,0.0363,40408891,3
2010,Kenya,7144.8873,0.6253000000000001,0.5192,0.6413,0.1194,0.0372,41598567,3
2011,Kenya,7256.1179,0.62,0.5128,0.6371,0.1216,0.038,42758461,3
2012,Kenya,7331.2719,0.6148,0.5064000000000001,0.6318,0.1237,0.039,43888303,3
2013,Kenya,7369.927,0.6095,0.5,0.6275000000000001,0.1259,0.0398,44986791,3
2014,Kenya,7503.305,0.6043000000000001,0.4936,0.6232,0.128,0.0406,46051440,3
2015,Kenya,7640.4816,0.5991000000000001,0.4872,0.6135,0.1301,0.0423,47088526,3
2016,Kenya,7726.6665,0.5915,0.4798,0.6085,0.134,0.0432,48139687,3
2017,Kenya,7782.9765,0.5839,0.4725,0.6044,0.1379,0.0439,49197766,3
2018,Kenya,7977.1803,0.5764,0.4651,0.6013000000000001,0.1418,0.0445,50207107,3
2019,Kenya,8141.5075,0.5688,0.4577,0.5973,0.1457,0.0452,51202827,3
2020,Kenya,7884.1929,0.5612,0.4503,0.5936,0.1496,0.0458,52217334,3
2021,Kenya,8239.8598,0.5953,0.497,0.6239,0.1382,0.0405,53219166,3
2022,Kenya,8386.1828,0.5796,0.4724,0.6042000000000001,0.1423,0.044,54252461,3
2023,Kenya,8587.3007,0.5796,0.4724,0.6043000000000001,0.1423,0.044,55339003,3
2024,Kenya,8677.6242,0.5796,0.4724,0.6042000000000001,0.1423,0.044,56432944,3
1980,Mexico,31810.9168,0.6966,0.5445,0.6677000000000001,0.0629,0.0318,67300334,3
1981,Mexico,33383.135,0.6966,0.5445,0.6676000000000001,0.0629,0.0318,68892108,3
1982,Mexico,31874.3957,0.6966,0.5445,0.6676000000000001,0.0629,0.0318,70433260,3
1983,Mexico,29360.0912,0.6966,0.5445,0.6678000000000001,0.0629,0.0318,71971240,3
1984,Mexico,29305.5914,0.6966,0.5445,0.6677000000000001,0.0629,0.0318,73506846,3
1985,Mexico,29054.6819,0.6966,0.5445,0.6679,0.0629,0.0318,75043414,3
1986,Mexico,27011.6475,0.6966,0.5445,0.6674,0.0629,0.0319,76585637,3
1987,Mexico,26603.8234,0.6966,0.5445,0.6677000000000001,0.0629,0.0318,78136651,3
1988,Mexico,26067.3443,0.6966,0.5445,0.6674,0.0629,0.0319,79695531,3
1989,Mexico,26309.7022,0.6966,0.5445,0.6675,0.0629,0.0318,81247182,3
1990,Mexico,26765.3888,0.6966,0.5445,0.6673,0.0629,0.0319,82820170,3
1991,Mexico,26980.9277,0.6966,0.5445,0.6676000000000001,0.0629,0.0318,84430572,3
1992,Mexico,27043.8737,0.6966,0.5445,0.6675,0.0629,0.0318,86044809,3
1993,Mexico,27047.6956,0.6966,0.5445,0.6677000000000001,0.0629,0.0318,87653807,3
1994,Mexico,27373.9904,0.6966,0.5445,0.6678000000000001,0.0629,0.0318,89259205,3
1995,Mexico,25004.01,0.6966,0.5445,0.6679,0.0629,0.0318,90862455,3
1996,Mexico,25818.4083,0.6966,0.5445,0.6673,0.0629,0.0319,92452702,3
1997,Mexico,26939.4723,0.6966,0.5445,0.6674,0.0629,0.0319,94021207,3
1998,Mexico,27874.9608,0.6966,0.5445,0.6675,0.0629,0.0319,95575245,3
1999,Mexico,27935.9663,0.6966,0.5445,0.6678000000000001,0.0629,0.0318,97115707,3
2000,Mexico,28625.8605,0.6966,0.5445,0.6673,0.0629,0.0319,98625552,3
2001,Mexico,27809.9294,0.6966,0.5445,0.6679,0.0629,0.0318,100099099,3
2002,Mexico,27089.276,0.6966,0.5445,0.6674,0.0629,0.0319,101548624,3
2003,Mexico,26779.8409,0.7119000000000001,0.5702,0.7089000000000001,0.0608,0.0224,102978515,3
2004,Mexico,27111.5429,0.7272000000000001,0.5959,0.7187,0.0587,0.02,104394131,3
2005,Mexico,27068.7522,0.7228,0.5914,0.7168,0.0599,0.0205,105811504,3
2006,Mexico,27740.1158,0.7185,0.5869,0.7156,0.0612,0.0208,107253666,3
2007,Mexico,27681.8862,0.7383000000000001,0.6184000000000001,0.7228,0.057,0.0189,108774360,3
2008,Mexico,27312.9257,0.7581,0.6499,0.7264,0.0528,0.018,110374288,3
2009,Mexico,25015.6335,0.7521,0.6354000000000001,0.7243,0.0552,0.0185,111999721,3
2010,Mexico,25667.0522,0.7461,0.6208,0.7229,0.0577,0.0189,113623895,3
2011,Mexico,25959.1342,0.7519,0.6293000000000001,0.7273000000000001,0.0561,0.0184,115243504,3
2012,Mexico,26306.4987,0.7576,0.6379,0.7281000000000001,0.0545,0.0182,116818208,3
2013,Mexico,25989.2883,0.7564000000000001,0.6349,0.7287,0.0556,0.0183,118343573,3
2014,Mexico,26122.9492,0.7552,0.6319,0.7286,0.0567,0.0183,119784261,3
2015,Mexico,26344.7571,0.7488,0.6298,0.7302000000000001,0.0596,0.0182,121072306,3
2016,Mexico,26358.387,0.7425,0.6277,0.7272000000000001,0.0624,0.0184,122251351,3
2017,Mexico,26412.0842,0.7494000000000001,0.6414000000000001,0.7306,0.0621,0.0178,123400057,3
2018,Mexico,26490.4099,0.7563000000000001,0.6551,0.734,0.0618,0.0174,124573711,3
2019,Mexico,25990.1698,0.7448,0.6357,0.7298,0.0637,0.0182,125762982,3
2020,Mexico,23398.1578,0.7333000000000001,0.6163000000000001,0.7260000000000001,0.0657,0.0188,126799054,3
2021,Mexico,24425.0231,0.7210000000000001,0.6035,0.7246,0.0713,0.0194,127648148,3
2022,Mexico,25029.3752,0.7087,0.5907,0.7213,0.0769,0.0203,128613117,3
2023,Mexico,25439.7648,0.7087,0.5907,0.7185,0.0769,0.0204,129739759,3
2024,Mexico,25400.1776,0.7087,0.5907,0.7205,0.0769,0.0203,130861007,3
1980,Nigeria,7456.5266,0.5637,0.4353,0.5894,0.1393,0.0465,73764641,3
1981,Nigeria,7195.2767,0.5637,0.4353,0.5894,0.1393,0.0465,76068103,3
1982,Nigeria,6535.7297,0.5637,0.4353,0.5895,0.1393,0.0465,78378701,3
1983,Nigeria,5698.563,0.5637,0.4353,0.5894,0.1393,0.0465,80438260,3
1984,Nigeria,5514.6816,0.5637,0.4353,0.5894,0.1393,0.0465,82526443,3
1985,Nigeria,5695.0224,0.5637,0.4353,0.5894,0.1393,0.0465,84897973,3
1986,Nigeria,5561.5575,0.5695,0.44,0.5909,0.1359,0.0462,87235953,3
1987,Nigeria,5601.1161,0.5753,0.4446,0.5922000000000001,0.1325,0.046,89591716,3
1988,Nigeria,5861.957,0.5811000000000001,0.4493,0.5940000000000001,0.129,0.0457,92020090,3
1989,Nigeria,5821.9463,0.5869,0.454,0.5964,0.1256,0.0453,94531014,3
1990,Nigeria,6337.4222,0.5927,0.4587,0.5989,0.1222,0.0449,97120925,3
1991,Nigeria,6195.3988,0.5985,0.4633,0.6018,0.1188,0.0444,99720162,3
1992,Nigeria,6311.6813,0.6042000000000001,0.468,0.6041000000000001,0.1154,0.044,102372770,3
1993,Nigeria,6014.5294,0.6022000000000001,0.4675,0.604,0.1172,0.044,105122069,3
1994,Nigeria,5741.1094,0.6002000000000001,0.467,0.6037,0.119,0.0441,107935714,3
1995,Nigeria,5574.5409,0.5982000000000001,0.4664,0.6035,0.1207,0.0441,110819428,3
1996,Nigeria,5643.6573,0.5962000000000001,0.4659,0.6031000000000001,0.1225,0.0442,113754779,3
1997,Nigeria,5642.186,0.5941000000000001,0.4654,0.6026,0.1242,0.0442,116754792,3
1998,Nigeria,5616.8253,0.5921000000000001,0.4649,0.6023000000000001,0.126,0.0443,119846254,3
1999,Nigeria,5481.9064,0.5901000000000001,0.4644,0.6018,0.1277,0.0444,123047320,3
2000,Nigeria,5589.0694,0.5881000000000001,0.4639,0.6017,0.1295,0.0444,126382494,3
2001,Nigeria,5749.3179,0.5860000000000001,0.4634,0.6013000000000001,0.1313,0.0445,129862595,3
2002,Nigeria,6440.7939,0.5840000000000001,0.4629,0.6011000000000001,0.133,0.0445,133471989,3
2003,Nigeria,6717.257,0.5820000000000001,0.4624,0.6006,0.1348,0.0446,137202644,3
2004,Nigeria,7132.445,0.5769000000000001,0.4569,0.5976,0.1372,0.0451,141057045,3
2005,Nigeria,7384.5902,0.5718,0.4513,0.5945,0.1397,0.0456,145017253,3
2006,Nigeria,7625.039,0.5667,0.4458,0.5922000000000001,0.1421,0.046,149077334,3
2007,Nigeria,7915.2813,0.5616,0.4402,0.5908,0.1446,0.0463,153267261,3
2008,Nigeria,8230.7336,0.5565,0.4347,0.5890000000000001,0.147,0.0466,157595014,3
2009,Nigeria,8660.1243,0.5514,0.4291,0.5875,0.1495,0.0468,162049464,3
2010,Nigeria,9106.0265,0.5462,0.4235,0.5853,0.152,0.0472,166642886,3
2011,Nigeria,9332.8531,0.5456,0.4228,0.5877,0.1523,0.0469,171379598,3
2012,Nigeria,9466.6317,0.5449,0.4221,0.5870000000000001,0.1526,0.047,176200625,3
2013,Nigeria,9828.0092,0.5459,0.423,0.5882000000000001,0.152,0.0469,181049443,3
2014,Nigeria,10172.2437,0.5469,0.4239,0.5908,0.1515,0.0465,185896915,3
2015,Nigeria,10172.2448,0.5478000000000001,0.4249,0.5887,0.1509,0.0468,190671878,3
2016,Nigeria,9743.6221,0.547,0.4256,0.5924,0.1523,0.0463,195443700,3
2017,Nigeria,9554.5962,0.5461,0.4264,0.5909,0.1536,0.0465,200254579,3
2018,Nigeria,9478.9617,0.5452,0.4272,0.5915,0.1549,0.0464,204938755,3
2019,Nigeria,9433.9115,0.5433,0.4264,0.5908,0.1564,0.0465,209485641,3
2020,Nigeria,9014.2572,0.5415,0.4256,0.5894,0.1578,0.0467,213996181,3
2021,Nigeria,9085.3226,0.5397000000000001,0.4247,0.5917,0.1593,0.0464,218529286,3
2022,Nigeria,9118.2031,0.5379,0.4239,0.5920000000000001,0.1607,0.0464,223150896,3
2023,Nigeria,9111.9228,0.5379,0.4239,0.5963,0.1607,0.0459,227882945,3
2024,Nigeria,9157.5313,0.5379,0.4239,0.6073000000000001,0.1607,0.0447,232679478,3
1980,Russian Federation,22651.2726,0.3362,0.2473,0.4997,0.2771,0.0889,138572623,2
1981,Russian Federation,22841.1421,0.3366,0.2472,0.4996,0.2769,0.0889,139351498,2
1982,Russian Federation,22927.5218,0.3369,0.2472,0.4996,0.2767,0.089,140247748,2
1983,Russian Federation,23338.3874,0.3373,0.2472,0.4995,0.2766,0.089,141331278,2
1984,Russian Federation,23420.2044,0.3377,0.2471,0.4995,0.2764,0.089,142464239,2
1985,Russian Federation,23801.6071,0.338,0.2471,0.4994,0.2762,0.089,143569389,2
1986,Russian Federation,24443.8514,0.3382,0.2469,0.4993,0.2761,0.089,144807813,2
1987,Russian Federation,24461.9514,0.3383,0.2466,0.4993,0.2759,0.089,146147383,2
1988,Russian Federation,24942.7165,0.3385,0.2464,0.4992,0.2758,0.089,147364489,2
1989,Russian Federation,25244.2162,0.3405,0.2457,0.4992,0.2738,0.089,148281866,2
1990,Russian Federation,25930.3582,0.3255,0.2395,0.4991,0.2837,0.089,148979541,2
1991,Russian Federation,23108.9932,0.3355,0.2501,0.4998,0.2791,0.0889,149448433,2
1992,Russian Federation,20961.7871,0.4354,0.3245,0.5052,0.2167,0.0882,148915991,2
1993,Russian Federation,20393.0103,0.4594,0.3421,0.5081,0.203,0.0877,148135424,2
1994,Russian Federation,18966.6527,0.5366000000000001,0.4029,0.521,0.1553,0.0857,148200736,2
1995,Russian Federation,20989.8588,0.5619000000000001,0.423,0.5257000000000001,0.1417,0.085,148291403,2
1996,Russian Federation,20150.7063,0.6343,0.4832,0.5445,0.099,0.0812,148084582,2
1997,Russian Federation,20333.7975,0.5923,0.4533,0.5922000000000001,0.1262,0.0717,147853771,2
1998,Russian Federation,19150.5246,0.5636,0.4344,0.6176,0.1456,0.0672,147635531,2
1999,Russian Federation,20280.4559,0.5816,0.4652,0.6488,0.1412,0.0623,147241975,2
2000,Russian Federation,22233.3903,0.6014,0.4917,0.6404000000000001,0.1343,0.0634,146717783,2
2001,Russian Federation,23316.1455,0.6079,0.4986,0.6607000000000001,0.1327,0.0593,146117284,2
2002,Russian Federation,24323.057,0.5931000000000001,0.4805,0.6381,0.1375,0.0628,145939500,2
2003,Russian Federation,26010.4654,0.5963,0.4807,0.6613,0.1341,0.0582,145794229,2
2004,Russian Federation,27773.0025,0.5892000000000001,0.478,0.6671,0.1389,0.056,145180097,2
2005,Russian Federation,29419.5973,0.5826,0.4716,0.6558,0.1435,0.0574,144597884,2
2006,Russian Federation,31684.4361,0.597,0.4904,0.6436000000000001,0.1376,0.0581,144102948,2
2007,Russian Federation,34195.9494,0.5982000000000001,0.4867,0.6365000000000001,0.1354,0.0572,143859764,2
2008,Russian Federation,35773.6175,0.6121,0.516,0.6622,0.1311,0.0498,143811840,2
2009,Russian Federation,32798.8042,0.5863,0.4923,0.6325000000000001,0.1453,0.0505,143869132,2
2010,Russian Federation,34097.1293,0.5491,0.4521,0.6675,0.1646,0.0344,143934465,2
2011,Russian Federation,35160.6536,0.5649000000000001,0.4774,0.6894,0.1599,0.0338,144043748,2
2012,Russian Federation,36687.4195,0.5468000000000001,0.4518,0.6898000000000001,0.1663,0.0358,144291029,2
2013,Russian Federation,37497.1845,0.5609000000000001,0.47,0.6888000000000001,0.16,0.0373,144604098,2
2014,Russian Federation,37299.3011,0.5439,0.4502,0.6980000000000001,0.1685,0.037,144925638,2
2015,Russian Federation,36423.1558,0.5407000000000001,0.4486,0.7232000000000001,0.1708,0.034,145307616,2
2016,Russian Federation,35191.515,0.5433,0.453,0.7116,0.1702,0.0353,145778677,2
2017,Russian Federation,35863.9519,0.5397000000000001,0.4509,0.7117,0.1734,0.0353,146186799,2
2018,Russian Federation,36909.4054,0.5465,0.4598,0.7196,0.1703,0.0341,146430146,2
2019,Russian Federation,37773.8959,0.5475,0.4616,0.7200000000000001,0.1699,0.034,146533067,2
2020,Russian Federation,36880.2271,0.5820000000000001,0.5077,0.7605000000000001,0.1568,0.0268,146371299,2
2021,Russian Federation,39173.6897,0.5820000000000001,0.5077,0.7633000000000001,0.1568,0.0265,145836175,2
2022,Russian Federation,38474.7814,0.5820000000000001,0.5077,0.7604000000000001,0.1568,0.0268,145579899,2
2023,Russian Federation,39872.289,0.5820000000000001,0.5077,0.7604000000000001,0.1568,0.0268,145440500,2
2024,Russian Federation,41651.4206,0.5820000000000001,0.5077,0.7603000000000001,0.1568,0.0268,144820423,2
1980,South Africa,18770.1914,0.5849,0.4718,0.8634000000000001,0.135,-0.0119,29518857,2
1981,South Africa,18960.5159,0.5849,0.4718,0.8635,0.135,-0.0119,30541044,2
1982,South Africa,18102.6947,0.5849,0.4718,0.8634000000000001,0.135,-0.0119,31615339,2
1983,South Africa,17024.4211,0.5849,0.4718,0.8635,0.135,-0.0119,32739304,2
1984,South Africa,17143.2102,0.5849,0.4718,0.8634000000000001,0.135,-0.0119,33892788,2
1985,South Africa,16267.118,0.5849,0.4718,0.8634000000000001,0.135,-0.0119,35042093,2
1986,South Africa,15676.4806,0.5849,0.4718,0.8633000000000001,0.135,-0.0119,36180515,2
1987,South Africa,15432.2868,0.5849,0.4718,0.8635,0.135,-0.0119,37326190,2
1988,South Africa,15501.5682,0.5849,0.4718,0.8635,0.135,-0.0119,38480649,2
1989,South Africa,15301.1185,0.5849,0.4718,0.8634000000000001,0.135,-0.0119,39628575,2
1990,South Africa,14703.0774,0.5849,0.4718,0.8634000000000001,0.135,-0.0119,40746268,2
1991,South Africa,14504.6345,0.6025,0.4919,0.8739,0.1257,-0.0136,41687898,2
1992,South Africa,14303.9924,0.5993,0.4879,0.8709,0.1275,-0.0131,42443509,2
1993,South Africa,14402.1555,0.5781000000000001,0.4635,0.8589,0.1389,-0.0112,43297156,2
1994,South Africa,14607.8556,0.5882000000000001,0.4739,0.8611000000000001,0.1337,-0.0206,44004139,2
1995,South Africa,15093.8791,0.5983,0.4843,0.862,0.1284,-0.0512,44541554,2
1996,South Africa,15684.5623,0.6083000000000001,0.4947,0.8648,0.1232,-0.051,45123018,2
1997,South Africa,15947.5586,0.6183000000000001,0.505,0.8540000000000001,0.118,-0.0436,45666838,2
1998,South Africa,15695.2739,0.6283000000000001,0.5153,0.8452000000000001,0.1128,-0.0354,46223880,2
1999,South Africa,15753.7979,0.6382,0.5256000000000001,0.8407,0.1076,-0.0216,46730335,2
2000,South Africa,16122.4893,0.6481,0.5358,0.8365,0.1025,-0.0157,47159719,2
2001,South Africa,16249.0211,0.6542,0.5473,0.8304,0.102,-0.0078,47566800,2
2002,South Africa,16483.8136,0.6604,0.5589000000000001,0.8263,0.1016,-0.0038,48019415,2
2003,South Africa,16563.3209,0.6667000000000001,0.5711,0.8247,0.1008,-0.0013,48500348,2
2004,South Africa,16898.8056,0.6645,0.5737,0.8172,0.1046,0.0018,48991421,2
2005,South Africa,17370.6082,0.6754,0.5906,0.8312,0.1016,0.0003,49490033,2
2006,South Africa,17929.615,0.6884,0.6007,0.8517,0.0937,-0.0117,49998277,2
2007,South Africa,18477.7819,0.7090000000000001,0.6197,0.8835000000000001,0.0816,-0.0422,50528584,2
2008,South Africa,18660.886,0.6967,0.6006,0.9083,0.0874,-0.0822,51114599,2
2009,South Africa,17992.5739,0.6899000000000001,0.5929,0.8982,0.0899,-0.0762,51728516,2
2010,South Africa,18160.33,0.7094,0.6143000000000001,0.9017,0.0789,-0.068,52344051,2
2011,South Africa,18352.3313,0.7186,0.6243000000000001,0.8989,0.0736,-0.0635,52995205,2
2012,South Africa,18371.7569,0.7459,0.6544,0.8886000000000001,0.059,-0.0534,53782567,2
2013,South Africa,18375.8436,0.7462000000000001,0.6542,0.8794000000000001,0.0585,-0.0397,54678791,2
2014,South Africa,18197.4493,0.7465,0.6541,0.869,0.0581,-0.03,55594838,2
2015,South Africa,17929.3401,0.7465,0.6541,0.8692000000000001,0.0581,-0.0291,56723537,2
2016,South Africa,17782.4023,0.7465,0.6541,0.8676,0.0581,-0.0286,57259551,2
2017,South Africa,17776.9228,0.7465,0.6541,0.8556,0.0581,-0.0246,57635162,2
2018,South Africa,17601.1125,0.7465,0.6541,0.8555,0.0581,-0.0245,58613001,2
2019,South Africa,17213.3254,0.7465,0.6541,0.8555,0.0581,-0.0245,59587885,2
2020,South Africa,15804.0936,0.7465,0.6541,0.8556,0.0581,-0.0245,60562381,2
2021,South Africa,16195.9857,0.7465,0.6541,0.8556,0.0581,-0.0245,61502603,2
2022,South Africa,16215.5762,0.7465,0.6541,0.8555,0.0581,-0.0245,62378410,2
2023,South Africa,16064.5609,0.7465,0.6541,0.8556,0.0581,-0.0246,63212384,2
2024,South Africa,15851.0539,0.7615000000000001,0.6654,0.8567,0.0527,-0.0247,64007187,2
1980,Tanzania,2699.7835,0.5458000000000001,0.4314,0.5880000000000001,0.1577,0.0467,19189769,3
1981,Tanzania,2622.5522,0.5458000000000001,0.4314,0.5880000000000001,0.1577,0.0467,19784703,3
1982,Tanzania,2571.8313,0.5458000000000001,0.4314,0.5881000000000001,0.1577,0.0467,20398571,3
1983,Tanzania,2437.089,0.5458000000000001,0.4314,0.5881000000000001,0.1577,0.0467,21079874,3
1984,Tanzania,2445.6911,0.5458000000000001,0.4314,0.5880000000000001,0.1577,0.0467,21779066,3
1985,Tanzania,2477.3767,0.5458000000000001,0.4314,0.5880000000000001,0.1577,0.0467,22501693,3
1986,Tanzania,2440.9281,0.5458000000000001,0.4314,0.5879,0.1577,0.0467,23258959,3
1987,Tanzania,2475.2492,0.5458000000000001,0.4314,0.5880000000000001,0.1577,0.0467,24030378,3
1988,Tanzania,2495.3768,0.5458000000000001,0.4314,0.5880000000000001,0.1577,0.0467,24769686,3
1989,Tanzania,2527.8139,0.5458000000000001,0.4314,0.5880000000000001,0.1577,0.0467,25438759,3
1990,Tanzania,2570.6059,0.5458000000000001,0.4314,0.5879,0.1577,0.0467,26110207,3
1991,Tanzania,2645.1172,0.5458000000000001,0.4314,0.5880000000000001,0.1577,0.0467,26780436,3
1992,Tanzania,2665.6314,0.5481,0.4339,0.5888,0.1564,0.0466,27457588,3
1993,Tanzania,2668.5912,0.5503,0.4364,0.5899,0.1552,0.0464,28332692,3
1994,Tanzania,2607.7648,0.5526,0.439,0.5905,0.154,0.0463,29442356,3
1995,Tanzania,2593.6166,0.5549000000000001,0.4415,0.5911000000000001,0.1527,0.0462,30383497,3
1996,Tanzania,2658.8718,0.5572,0.4441,0.5916,0.1515,0.0461,30945762,3
1997,Tanzania,2697.805,0.5595,0.4466,0.5923,0.1502,0.046,31578089,3
1998,Tanzania,2719.6969,0.5618000000000001,0.4491,0.5936,0.149,0.0458,32420458,3
1999,Tanzania,2769.6653,0.5641,0.4517,0.5942000000000001,0.1477,0.0457,33300330,3
2000,Tanzania,2816.8283,0.5664,0.4542,0.5958,0.1465,0.0454,34260139,3
2001,Tanzania,2902.6533,0.5711,0.46,0.5986,0.1446,0.0449,35198299,3
2002,Tanzania,3030.7383,0.5759000000000001,0.4659,0.6017,0.1427,0.0444,36121304,3
2003,Tanzania,3154.3754,0.5806,0.4717,0.6043000000000001,0.1408,0.044,37089555,3
2004,Tanzania,3312.0058,0.5854,0.4775,0.6069,0.139,0.0435,38109668,3
2005,Tanzania,3462.842,0.5901000000000001,0.4833,0.6108,0.1371,0.0428,39182076,3
2006,Tanzania,3529.6785,0.5948,0.4891,0.6149,0.1352,0.0421,40294902,3
2007,Tanzania,3726.5357,0.5996,0.4949,0.6236,0.1333,0.0405,41435512,3
2008,Tanzania,3813.4346,0.5968,0.4932,0.6216,0.1353,0.0409,42570728,3
2009,Tanzania,3930.2162,0.5940000000000001,0.4915,0.6179,0.1373,0.0415,43633982,3
2010,Tanzania,4082.2872,0.5912000000000001,0.4898,0.6147,0.1393,0.0421,44758488,3
2011,Tanzania,4282.4624,0.5885,0.4882,0.6127,0.1413,0.0425,46029367,3
2012,Tanzania,4371.8286,0.5925,0.4924,0.618,0.1394,0.0415,47374260,3
2013,Tanzania,4519.6933,0.5965,0.4967,0.6237,0.1374,0.0405,48824128,3
2014,Tanzania,4659.5449,0.6005,0.5009,0.63,0.1354,0.0395,50351512,3
2015,Tanzania,4750.6727,0.6045,0.5052,0.6371,0.1334,0.0386,52020962,3
2016,Tanzania,4878.9063,0.6085,0.5094000000000001,0.6348,0.1315,0.0386,53824013,3
2017,Tanzania,5002.9841,0.6125,0.5137,0.6398,0.1295,0.0377,55652890,3
2018,Tanzania,5161.5168,0.6125,0.5137,0.6397,0.1295,0.0377,57437145,3
2019,Tanzania,5344.5217,0.6125,0.5137,0.6401,0.1295,0.0377,59174891,3
2020,Tanzania,5396.5934,0.6125,0.5137,0.6388,0.1295,0.0378,60972798,3
2021,Tanzania,5485.8549,0.6125,0.5137,0.6387,0.1295,0.0378,62830412,3
2022,Tanzania,5521.5952,0.6125,0.5137,0.6376000000000001,0.1295,0.038,64711821,3
2023,Tanzania,5635.0202,0.6125,0.5137,0.6375000000000001,0.1295,0.038,66617606,3
2024,Tanzania,5838.3235,0.6125,0.5137,0.6381,0.1295,0.0379,68560157,3
1980,USA,39270.2797,0.454,0.3384,0.6499,0.2008,0.0099,229858655,1
1981,USA,39533.9345,0.4605,0.3433,0.6459,0.1969,0.0118,232201617,1
1982,USA,38148.4719,0.4677,0.346,0.6354000000000001,0.1916,0.016,234583152,1
1983,USA,39235.8013,0.4803,0.3536,0.6301,0.1832,0.0175,236986365,1
1984,USA,41409.508,0.4889,0.3649,0.6324000000000001,0.1796,0.014,239353967,1
1985,USA,42510.9824,0.4908,0.3655,0.6271,0.1782,0.0156,241690443,1
1986,USA,43418.8471,0.4923,0.3634,0.6292,0.1761,0.016,243953807,1
1987,USA,44399.1369,0.5003000000000001,0.3747,0.6334000000000001,0.1736,0.0191,246161291,1
1988,USA,45752.5012,0.5145000000000001,0.3924,0.646,0.1687,0.0181,248393235,1
1989,USA,46928.3049,0.5111,0.3878,0.6482,0.1698,0.0184,250675053,1
1990,USA,47223.99,0.5126000000000001,0.3876,0.6509,0.1685,0.0169,253373387,1
1991,USA,46557.4745,0.5114000000000001,0.3832,0.6517000000000001,0.1671,0.0165,256471422,1
1992,USA,47639.1595,0.5236000000000001,0.3941,0.6649,0.16,0.0138,259606019,1
1993,USA,48443.6568,0.5211,0.391,0.6656000000000001,0.1611,0.0134,262633231,1
1994,USA,49905.0808,0.5201,0.3913,0.6678000000000001,0.1617,0.0115,265474810,1
1995,USA,50752.5572,0.5284,0.399,0.6712,0.1574,0.0094,268205795,1
1996,USA,52165.1537,0.5356000000000001,0.408,0.6732,0.1547,0.0079,270860696,1
1997,USA,53944.1604,0.5418000000000001,0.4155,0.68,0.1524,0.0055,273468013,1
1998,USA,55773.2866,0.5433,0.4192,0.6864,0.1528,0.0051,276119333,1
1999,USA,57822.5445,0.5467000000000001,0.4228,0.6862,0.1514,0.0064,278785484,1
2000,USA,59512.0568,0.5501,0.4273,0.6865,0.1506,0.0061,281484131,1
2001,USA,59374.755,0.5438000000000001,0.4194,0.6819000000000001,0.1531,0.0062,284279639,1
2002,USA,59650.9907,0.5402,0.4149,0.6815,0.154,0.0062,287084338,1
2003,USA,60583.7451,0.544,0.4164,0.6817000000000001,0.1509,0.0042,289908100,1
2004,USA,62167.5098,0.551,0.4242,0.6867000000000001,0.1478,0.0039,292786253,1
2005,USA,63557.9368,0.5616,0.4359,0.6863,0.1432,0.0047,295716664,1
2006,USA,64540.0627,0.5678000000000001,0.4429,0.6877,0.1408,0.0018,298730209,1
2007,USA,65042.4145,0.5645,0.4404,0.6967,0.1431,-0.0039,301844226,1
2008,USA,64324.3514,0.5624,0.4356,0.7118,0.1429,-0.0123,304970333,1
2009,USA,61869.2406,0.557,0.4245,0.7168,0.1425,-0.0183,308023454,1
2010,USA,62715.9689,0.5675,0.4381,0.7298,0.1387,-0.0182,311062790,1
2011,USA,62849.4624,0.5731,0.4426,0.7353000000000001,0.1356,-0.0178,314105078,1
2012,USA,63469.0545,0.5840000000000001,0.4559,0.7433000000000001,0.1315,-0.0164,317115355,1
2013,USA,64026.7622,0.5773,0.449,0.7391000000000001,0.1345,-0.0119,320110759,1
2014,USA,64880.2909,0.5841000000000001,0.4558,0.7363000000000001,0.1314,-0.0078,323115377,1
2015,USA,66048.8861,0.5831000000000001,0.455,0.7321000000000001,0.1321,-0.0056,326126497,1
2016,USA,66516.7594,0.5851000000000001,0.4536,0.7278,0.1295,-0.004,329179427,1
2017,USA,67418.5036,0.5805,0.4546,0.7184,0.1348,-0.0003,332204660,1
2018,USA,68693.5944,0.5836,0.4581,0.7165,0.1334,0.0006,335056497,1
2019,USA,69660.1472,0.5805,0.4567,0.7141000000000001,0.1358,0.0022,337790067,1
2020,USA,67586.1356,0.5739000000000001,0.4461,0.7103,0.137,0.0036,339436159,1
2021,USA,71123.3394,0.5831000000000001,0.4607,0.7085,0.1346,0.0078,340161441,1
2022,USA,71986.4568,0.5883,0.4686,0.6962,0.1334,0.0094,341534046,1
2023,USA,73385.4524,0.5869,0.4676,0.6954,0.1344,0.0095,343477335,1
2024,USA,74754.3219,0.5869,0.4676,0.6954,0.1344,0.0096,345426571,1
1980,United Kingdom,29048.428,0.408,0.2848,0.5826,0.2257,0.1128,56282103,1
1981,United Kingdom,28672.7857,0.408,0.2848,0.6016,0.2257,0.1076,56304592,1
1982,United Kingdom,29096.3426,0.4088,0.2866,0.5772,0.2253,0.1142,56292755,1
1983,United Kingdom,30120.5533,0.414,0.2905,0.5708,0.2219,0.116,56332058,1
1984,United Kingdom,30542.3393,0.4207,0.2964,0.5285000000000001,0.218,0.1274,56451313,1
1985,United Kingdom,31534.0823,0.4236,0.2974,0.5519000000000001,0.2156,0.1211,56606414,1
1986,United Kingdom,32289.1057,0.4251,0.2989,0.5498000000000001,0.2148,0.1216,56751923,1
1987,United Kingdom,33803.2847,0.4292,0.3023,0.5670000000000001,0.2125,0.117,56886024,1
1988,United Kingdom,35569.6302,0.4367,0.3095,0.5458000000000001,0.2085,0.1227,57026546,1
1989,United Kingdom,36323.9648,0.4354,0.3095,0.5467000000000001,0.2094,0.1225,57182136,1
1990,United Kingdom,36376.4052,0.46,0.3291,0.5163,0.1952,0.1307,57367862,1
1991,United Kingdom,35781.753,0.4659,0.3356,0.5163,0.1923,0.1307,57555192,1
1992,United Kingdom,35740.0368,0.4668,0.3363,0.5402,0.1919,0.1242,57719272,1
1993,United Kingdom,36478.7279,0.4727,0.3423,0.5544,0.1893,0.1204,57861037,1
1994,United Kingdom,37755.7938,0.4699,0.3435,0.5569000000000001,0.1923,0.1197,58003203,1
1995,United Kingdom,37910.1633,0.4758,0.3449,0.5255000000000001,0.1871,0.0625,58154635,1
1996,United Kingdom,38796.2385,0.4813,0.3564,0.5405,0.187,0.0505,58298565,1
1997,United Kingdom,40618.4679,0.4816,0.3562,0.5653,0.1871,0.0427,58447089,1
1998,United Kingdom,41870.8386,0.4875,0.3662,0.5668000000000001,0.1859,0.0444,58626819,1
1999,United Kingdom,42943.4558,0.4919,0.3676,0.5488000000000001,0.1824,0.0512,58838657,1
2000,United Kingdom,44519.8156,0.4823,0.3597,0.5578000000000001,0.1875,0.0498,59057338,1
2001,United Kingdom,45376.1778,0.4867,0.363,0.5511,0.1851,0.0515,59288090,1
2002,United Kingdom,45908.7477,0.4887,0.3659,0.5545,0.1846,0.0502,59540763,1
2003,United Kingdom,47062.8296,0.4991,0.3781,0.5449,0.1804,0.0532,59820385,1
2004,United Kingdom,47843.2369,0.4914,0.3721,0.5403,0.1849,0.0574,60169967,1
2005,United Kingdom,48683.2668,0.5008,0.384,0.5415,0.1815,0.0571,60596108,1
2006,United Kingdom,49357.3176,0.5034000000000001,0.3873,0.5444,0.1799,0.0561,61051094,1
2007,United Kingdom,50188.6894,0.5004000000000001,0.3876,0.5439,0.1835,0.0602,61535855,1
2008,United Kingdom,49685.6357,0.4899,0.3707,0.5381,0.1861,0.0631,62027306,1
2009,United Kingdom,47032.8215,0.5074000000000001,0.3865,0.5441,0.1763,0.0481,62506226,1
2010,United Kingdom,47647.1512,0.4675,0.3484,0.5463,0.1976,0.0495,63006483,1
2011,United Kingdom,47740.4223,0.4754,0.358,0.5584,0.1944,0.0422,63509285,1
2012,United Kingdom,48056.1468,0.4866,0.3669,0.5568000000000001,0.1878,0.0447,63960484,1
2013,United Kingdom,48543.3602,0.501,0.3881,0.5677,0.1829,0.0427,64389388,1
2014,United Kingdom,49688.9808,0.4812,0.3686,0.5781000000000001,0.1931,0.0392,64865916,1
2015,United Kingdom,50363.0315,0.4703,0.3569,0.5661,0.1986,0.0454,65382110,1
2016,United Kingdom,50907.8015,0.4688000000000001,0.3572,0.5714,0.2002,0.0438,65893358,1
2017,United Kingdom,51867.2735,0.468,0.3612,0.5755,0.2034,0.0428,66354471,1
2018,United Kingdom,52246.8513,0.4689,0.3612,0.5714,0.2019,0.0464,66752475,1
2019,United Kingdom,52777.06,0.4663,0.3579,0.5695,0.2029,0.0467,67110958,1
2020,United Kingdom,47107.5958,0.4663,0.3579,0.5684,0.2029,0.0468,67351861,1
2021,United Kingdom,50900.9144,0.4683,0.36,0.5702,0.2017,0.0466,67668792,1
2022,United Kingdom,52638.6292,0.4694,0.3625,0.5707,0.202,0.0465,68179315,1
2023,United Kingdom,52357.4385,0.4672,0.3622,0.5712,0.2043,0.0464,68682962,1
2024,United Kingdom,52521.6468,0.4672,0.3622,0.5714,0.2043,0.0464,69138192,1
